ts	phase	decision	why	evidence	result
2026-08-26T05:18:00Z	inspect	Use document.modelContext and AbortController-scoped registrations	The current specification and Chrome documentation define this API	WebMCP specification and Chrome imperative API	accepted
2026-08-26T05:18:00Z	inspect	Use Vercel for Next.js and a single Render instance for Rust and SQLite	This keeps browser traffic same-origin while preserving a transactional Rust service	docs/TECHNICAL_SPEC.md	accepted
2026-08-26T05:18:00Z	inspect	Use Bun as the only JavaScript package manager	The user explicitly selected Bun	package.json	accepted
2026-08-26T05:18:00Z	inspect	Keep the Devpost rules acknowledgment pending	Competition terms require explicit human acknowledgment	.devpost-hackathon-state.json	open
2026-08-26T05:44:36Z	specification	Created the Cargo and Bun workspaces plus the decision-complete document set	Future agents need one current handoff and explicit build boundaries	docs/STATUS.md, docs/TECHNICAL_SPEC.md, docs/BUILD_CHECKLIST.md	checks pass
2026-08-26T05:45:00Z	specification	Left the phase checkpoint uncommitted	Git has no configured author identity and the agent will not invent one	git commit output	blocked, work continues
2026-08-26T06:35:37Z	walking-skeleton	Stored one complete deterministic scenario per cookie-bound session	Judge state must remain isolated and later recovery checks need persisted release state	crates/persistence/migrations/0001_sessions.sql, crates/api/tests/walking_skeleton.rs	tests pass
2026-08-26T06:35:37Z	walking-skeleton	Used an external Next.js rewrite for the Rust API	The browser keeps one visible origin and the Rust service stays independently deployable	apps/web/next.config.ts, apps/web/e2e/walking-skeleton.spec.ts	browser test passes
2026-08-26T06:35:37Z	walking-skeleton	Pinned TypeScript 6.0.3	The current TypeScript ESLint parser rejects TypeScript 7	apps/web/package.json	lint and build pass
2026-08-26T07:15:59Z	investigation	Marked the complete log tool output as untrusted	One customer log intentionally resembles a prompt injection and must remain data	apps/web/src/lib/webmcp/investigation-tools.ts, output/playwright/phase-3-investigation.png	browser journey passes
2026-08-26T07:15:59Z	investigation	Registered four investigation tools before adding recovery actions	The root-cause journey can be verified independently while execution remains impossible	apps/web/src/lib/webmcp/investigation-tools.ts, apps/web/e2e/walking-skeleton.spec.ts	execution tool absent
2026-08-26T12:18:56Z	recovery-design	Selected normalized recovery facts with a Rust-produced execution capability	This removes duplicate JSON authority while keeping the browser interface small	docs/superpowers/specs/2026-08-26-phase-4-6-design.md	accepted after two architecture candidates and cross-judge
